{
	"callsign": "NOCALL-10",
	"network": {
		"DHCP": true,
		"static": {
			"ip": "192.168.0.100",
			"subnet": "255.255.255.0",
			"gateway": "192.168.0.1",
			"dns1": "192.168.0.1",
			"dns2": "192.168.0.2"
		},
		"hostname": {
			"overwrite": false,
			"name": "NOCALL-10"
		}
	},
	"wifi": {
		"active": true,
		"AP": [
			{
				"SSID": "YOURSSID",
				"password": "YOURPASSWORD"
			}
		]
	},
	"beacon": {
		"message": "LoRa iGATE & Digi, Info: github.com/lora-aprs/LoRa_APRS_iGate",
		"position": {
			"latitude": 0.000000,
			"longitude": 0.000000
		},
		"use_gps": false,
		"timeout": 15,
		"send_on_hf": false
	},
	"aprs_is": {
		"active": true,
		"passcode": "",
		"server": "euro.aprs2.net",
		"port": 14580,
		"filter": ""
	},
	"digi": {
		"active": false
	},
	"lora": {
		"frequency_rx": 433775000,
		"gain_rx": 0,
		"frequency_tx": 433775000,
		"power": 20,
		"spreading_factor": 12,
		"signal_bandwidth": 125000,
		"coding_rate4": 5,
		"tx_enable": false
	},
	"display": {
		"always_on": true,
		"timeout": 10,
		"overwrite_pin": 0,
		"turn180": true
	},
	"ftp": {
		"active": false,
		"user": [
			{
				"name": "ftp",
				"password": "ftp"
			}
		]
	},
	"mqtt": {
		"active": false,
		"server": "",
		"port": 1883,
		"name": "",
		"password": "",
		"topic": "LoraAPRS/Data",
		"will_active": false,
		"will_topic": "LoraAPRS/State",
		"will_message": "offline",
		"birth_message": "online"
	},
	"syslog": {
		"active": false,
		"server": "",
		"port": 514
	},
	"ntp_server": "pool.ntp.org"
}
